﻿{
  "DataContractVersion": "1.1",
  "DocumentTypes": [
    {
      "DocumentTypeId": "Sirius.Transport.Invoice",
      "Group": "Sirius",
      "Category": "Transport",
      "Name": "Invoice",
      "OptionalUniqueIdentifier": "",
      "TypeField": {
        "FieldId": "Sirius.Transport.Invoice.DocumentType",
        "FieldName": "Document Type"
      },
      "Fields": [
        {
          "FieldId": "Sirius.Transport.Invoice.Invoice",
          "FieldName": "Invoice",
          "IsMultiValue": false,
          "Type": "Number",
          "DeriveFieldsFormat": "",
          "Components": [],
          "SetValues": [],
          "Metadata": [
            {
              "Key": "Color",
              "Value": "#038a18"
            },
            {
              "Key": "Hotkey",
              "Value": "v"
            }
          ]
        },
        {
          "FieldId": "Sirius.Transport.Invoice.InvoiceDate",
          "FieldName": "Invoice Date",
          "IsMultiValue": false,
          "Type": "Date",
          "DeriveFieldsFormat": "",
          "Components": [],
          "SetValues": [],
          "Metadata": [
            {
              "Key": "Color",
              "Value": "#fa6616"
            },
            {
              "Key": "Hotkey",
              "Value": "c"
            }
          ]
        },
        {
          "FieldId": "Sirius.Transport.Invoice.PO",
          "FieldName": "P.O",
          "IsMultiValue": false,
          "Type": "Number",
          "DeriveFieldsFormat": "",
          "Components": [],
          "SetValues": [],
          "Metadata": [
            {
              "Key": "Color",
              "Value": "#8a97a0"
            },
            {
              "Key": "Hotkey",
              "Value": "q"
            }
          ]
        },
        {
          "FieldId": "Sirius.Transport.Invoice.Vat",
          "FieldName": "Vat",
          "IsMultiValue": false,
          "Type": "Number",
          "DeriveFieldsFormat": "",
          "Components": [],
          "SetValues": [],
          "Metadata": [
            {
              "Key": "Color",
              "Value": "#6eb84a"
            },
            {
              "Key": "Hotkey",
              "Value": "a"
            }
          ]
        },
        {
          "FieldId": "Sirius.Transport.Invoice.Total",
          "FieldName": "Total",
          "IsMultiValue": false,
          "Type": "Number",
          "DeriveFieldsFormat": "",
          "Components": [],
          "SetValues": [],
          "Metadata": [
            {
              "Key": "Color",
              "Value": "#4a5fff"
            },
            {
              "Key": "Hotkey",
              "Value": "l"
            }
          ]
        }
      ]
    },
    {
      "DocumentTypeId": "EPL.Accounts.CHA&MaterialInvoices",
      "Group": "EPL",
      "Category": "Accounts",
      "Name": "CHA & Material Invoices",
      "OptionalUniqueIdentifier": "",
      "TypeField": {
        "FieldId": "EPL.Accounts.CHA&MaterialInvoices.DocumentType",
        "FieldName": "Document Type"
      },
      "Fields": []
    },
    {
      "DocumentTypeId": "EPL.Accounts.Invoices",
      "Group": "EPL",
      "Category": "Accounts",
      "Name": "Invoices",
      "OptionalUniqueIdentifier": "",
      "TypeField": {
        "FieldId": "EPL.Accounts.Invoices.DocumentType",
        "FieldName": "Document Type"
      },
      "Fields": []
    },
    {
      "DocumentTypeId": "EPL.Accounts.EPL_Invoice",
      "Group": "EPL",
      "Category": "Accounts",
      "Name": "EPL_Invoice",
      "OptionalUniqueIdentifier": "",
      "TypeField": {
        "FieldId": "EPL.Accounts.EPL_Invoice.DocumentType",
        "FieldName": "Document Type"
      },
      "Fields": [
        {
          "FieldId": "EPL.Accounts.EPL_Invoice.InvoiceDate",
          "FieldName": "InvoiceDate",
          "IsMultiValue": false,
          "Type": "Date",
          "DeriveFieldsFormat": "",
          "Components": [],
          "SetValues": [],
          "Metadata": [
            {
              "Key": "Color",
              "Value": "#038a18"
            },
            {
              "Key": "Hotkey",
              "Value": "v"
            }
          ]
        },
        {
          "FieldId": "EPL.Accounts.EPL_Invoice.Invoice_Number",
          "FieldName": "Invoice_Number",
          "IsMultiValue": false,
          "Type": "Text",
          "DeriveFieldsFormat": "",
          "Components": [],
          "SetValues": [],
          "Metadata": [
            {
              "Key": "Color",
              "Value": "#fa6616"
            },
            {
              "Key": "Hotkey",
              "Value": "c"
            }
          ]
        },
        {
          "FieldId": "EPL.Accounts.EPL_Invoice.Amount",
          "FieldName": "Amount",
          "IsMultiValue": false,
          "Type": "Number",
          "DeriveFieldsFormat": "",
          "Components": [],
          "SetValues": [],
          "Metadata": [
            {
              "Key": "Color",
              "Value": "#8a97a0"
            },
            {
              "Key": "Hotkey",
              "Value": "a"
            }
          ]
        },
        {
          "FieldId": "EPL.Accounts.EPL_Invoice.PO",
          "FieldName": "PO",
          "IsMultiValue": false,
          "Type": "Number",
          "DeriveFieldsFormat": "",
          "Components": [],
          "SetValues": [],
          "Metadata": [
            {
              "Key": "Color",
              "Value": "#b34692"
            },
            {
              "Key": "Hotkey",
              "Value": "q"
            }
          ]
        },
        {
          "FieldId": "EPL.Accounts.EPL_Invoice.BaseAmount",
          "FieldName": "BaseAmount",
          "IsMultiValue": false,
          "Type": "Number",
          "DeriveFieldsFormat": "",
          "Components": [],
          "SetValues": [],
          "Metadata": [
            {
              "Key": "Color",
              "Value": "#5c52f9"
            },
            {
              "Key": "Hotkey",
              "Value": "e"
            }
          ]
        }
      ]
    }
  ],
  "Groups": [
    {
      "Name": "Sirius",
      "Categories": [
        "Transport"
      ]
    },
    {
      "Name": "EPL",
      "Categories": [
        "Accounts"
      ]
    }
  ],
  "SupportedLanguages": [
    {
      "Name": "Undetermined Language",
      "Code": "und"
    },
    {
      "Name": "Bulgarian",
      "Code": "bul"
    },
    {
      "Name": "Cantonese",
      "Code": "yue"
    },
    {
      "Name": "Danish",
      "Code": "dan"
    },
    {
      "Name": "Dutch",
      "Code": "nld"
    },
    {
      "Name": "English",
      "Code": "eng"
    },
    {
      "Name": "French",
      "Code": "fra"
    },
    {
      "Name": "Georgian",
      "Code": "kat"
    },
    {
      "Name": "German",
      "Code": "deu"
    },
    {
      "Name": "Greek",
      "Code": "ell"
    },
    {
      "Name": "Hebrew",
      "Code": "heb"
    },
    {
      "Name": "Hindi",
      "Code": "hin"
    },
    {
      "Name": "Italian",
      "Code": "ita"
    },
    {
      "Name": "Japanese",
      "Code": "jpn"
    },
    {
      "Name": "Korean",
      "Code": "kor"
    },
    {
      "Name": "Macedonian",
      "Code": "mkd"
    },
    {
      "Name": "Mandarin",
      "Code": "zho"
    },
    {
      "Name": "Marathi",
      "Code": "mar"
    },
    {
      "Name": "Norwegian",
      "Code": "nor"
    },
    {
      "Name": "Polish",
      "Code": "pol"
    },
    {
      "Name": "Portuguese",
      "Code": "por"
    },
    {
      "Name": "Romanian",
      "Code": "ron"
    },
    {
      "Name": "Russian",
      "Code": "rus"
    },
    {
      "Name": "Serbian",
      "Code": "srp"
    },
    {
      "Name": "Spanish",
      "Code": "spa"
    },
    {
      "Name": "Swedish",
      "Code": "swe"
    },
    {
      "Name": "Telugu",
      "Code": "tel"
    }
  ]
}